"filename", "language", "C", "ARM", "comment", "blank", "total"
"e:\桌面\Smart-Car\Code\smart-car\source\Hardware\Buzzer.c", "C", 29, 0, 23, 7, 59
"e:\桌面\Smart-Car\Code\smart-car\source\Hardware\Buzzer.h", "C", 7, 0, 0, 3, 10
"e:\桌面\Smart-Car\Code\smart-car\source\Hardware\Encoder.c", "C", 66, 0, 33, 13, 112
"e:\桌面\Smart-Car\Code\smart-car\source\Hardware\Encoder.h", "C", 6, 0, 0, 3, 9
"e:\桌面\Smart-Car\Code\smart-car\source\Hardware\Key.c", "C", 171, 0, 0, 17, 188
"e:\桌面\Smart-Car\Code\smart-car\source\Hardware\Key.h", "C", 19, 0, 0, 6, 25
"e:\桌面\Smart-Car\Code\smart-car\source\Hardware\LED.c", "C", 215, 0, 0, 28, 243
"e:\桌面\Smart-Car\Code\smart-car\source\Hardware\LED.h", "C", 15, 0, 0, 4, 19
"e:\桌面\Smart-Car\Code\smart-car\source\Hardware\LightSensor.c", "C", 73, 0, 12, 24, 109
"e:\桌面\Smart-Car\Code\smart-car\source\Hardware\LightSensor.h", "C", 21, 0, 0, 8, 29
"e:\桌面\Smart-Car\Code\smart-car\source\Hardware\Motor.c", "C", 52, 0, 0, 10, 62
"e:\桌面\Smart-Car\Code\smart-car\source\Hardware\Motor.h", "C", 7, 0, 0, 3, 10
"e:\桌面\Smart-Car\Code\smart-car\source\Hardware\MyI2C.c", "C", 79, 0, 61, 15, 155
"e:\桌面\Smart-Car\Code\smart-car\source\Hardware\MyI2C.h", "C", 10, 0, 0, 3, 13
"e:\桌面\Smart-Car\Code\smart-car\source\Hardware\OLED.c", "C", 196, 0, 93, 40, 329
"e:\桌面\Smart-Car\Code\smart-car\source\Hardware\OLED.h", "C", 11, 0, 0, 3, 14
"e:\桌面\Smart-Car\Code\smart-car\source\Hardware\OLED_Font.h", "C", 26, 0, 257, 11, 294
"e:\桌面\Smart-Car\Code\smart-car\source\Hardware\PWM.c", "C", 42, 0, 0, 10, 52
"e:\桌面\Smart-Car\Code\smart-car\source\Hardware\PWM.h", "C", 6, 0, 0, 3, 9
"e:\桌面\Smart-Car\Code\smart-car\source\Hardware\Serial.c", "C", 191, 0, 67, 24, 282
"e:\桌面\Smart-Car\Code\smart-car\source\Hardware\Serial.h", "C", 16, 0, 0, 5, 21
"e:\桌面\Smart-Car\Code\smart-car\source\System\Delay.c", "C", 23, 0, 15, 4, 42
"e:\桌面\Smart-Car\Code\smart-car\source\System\Delay.h", "C", 6, 0, 0, 3, 9
"e:\桌面\Smart-Car\Code\smart-car\source\System\Timer.c", "C", 23, 0, 10, 11, 44
"e:\桌面\Smart-Car\Code\smart-car\source\System\Timer.h", "C", 4, 0, 0, 3, 7
"e:\桌面\Smart-Car\Code\smart-car\source\User\PID.c", "C", 20, 0, 13, 5, 38
"e:\桌面\Smart-Car\Code\smart-car\source\User\PID.h", "C", 17, 0, 0, 7, 24
"e:\桌面\Smart-Car\Code\smart-car\source\User\main.c", "C", 104, 0, 31, 29, 164
"e:\桌面\Smart-Car\Code\smart-car\source\User\stm32f10x_conf.h", "C", 32, 0, 38, 8, 78
"e:\桌面\Smart-Car\Code\smart-car\source\User\stm32f10x_it.c", "C", 40, 0, 102, 19, 161
"e:\桌面\Smart-Car\Code\smart-car\source\User\stm32f10x_it.h", "C", 19, 0, 27, 9, 55
"e:\桌面\Smart-Car\Code\smart-car\source\startup_stm32f10x_md.s", "ARM", 0, 274, 0, 34, 308
"Total", "-", 1546, 274, 782, 372, 2974